{"name":"358351ff-500a-4322-941c-e488323978df","id":"/providers/Microsoft.Flow/flows/358351ff-500a-4322-941c-e488323978df","type":"Microsoft.Flow/flows","properties":{"apiId":"/providers/Microsoft.PowerApps/apis/shared_logicflows","displayName":"Test - Button -> Copy file","definition":{"metadata":{"workflowEntityId":null,"processAdvisorMetadata":null,"flowChargedByPaygo":null,"flowclientsuspensionreason":"None","flowclientsuspensiontime":null,"flowclientsuspensionreasondetails":null,"creator":{"id":"b2ef2494-63d9-44a5-8c7e-0d3432f9e4a8","type":"User","tenantId":"3436271a-770e-4e2f-bf2a-042b3d3ffb3c"},"provisioningMethod":"FromDefinition","failureAlertSubscription":true,"clientLastModifiedTime":"2026-01-22T17:03:58.8162261Z","connectionKeySavedTimeKey":"2026-01-22T17:03:58.8162261Z","creationSource":null,"modifiedSources":"Portal"},"$schema":"https://schema.management.azure.com/providers/Microsoft.Logic/schemas/2016-06-01/workflowdefinition.json#","contentVersion":"undefined","parameters":{"$authentication":{"defaultValue":{},"type":"SecureObject"},"$connections":{"defaultValue":{},"type":"Object"}},"triggers":{"manual":{"type":"Request","kind":"Button","inputs":{"schema":{"type":"object","properties":{},"required":[]}}}},"actions":{"Copy_file":{"runAfter":{},"metadata":{"%252fSitePages%252fDepartments.aspx":"/SitePages/Departments.aspx","%252fFacilitiesPublicDocs%252fCompanyVehicleMileageform.pdf":"/FacilitiesPublicDocs/CompanyVehicleMileageform.pdf","%252fFacilitiesPublicDocs%252fCopyPrintVendors.pdf":"/FacilitiesPublicDocs/CopyPrintVendors.pdf","%252fFacilitiesPublicDocs%252fFleetInsuranceCardGPDGroupthru2027.pdf":"/FacilitiesPublicDocs/FleetInsuranceCardGPDGroupthru2027.pdf","%252fFacilitiesPublicDocs%252fSEBLUE.pdf":"/FacilitiesPublicDocs/SEBLUE.pdf","%252fSitePages%252fArchitecture-%2526-Engineering-Documents.aspx":"/SitePages/Architecture-&-Engineering-Documents.aspx","%252fQAQCPublicDocs%252fAttribution10032022.pdf":"/QAQCPublicDocs/Attribution10032022.pdf","%252fQAQCPublicDocs%252fboard_registrations.xls":"/QAQCPublicDocs/board_registrations.xls","%252fQAQCPublicDocs%252fCMS_ShopDwg_Language_04.2022.docx":"/QAQCPublicDocs/CMS_ShopDwg_Language_04.2022.docx","%252fQAQCPublicDocs%252fHowtoApplytheQAQCStamp.pdf":"/QAQCPublicDocs/HowtoApplytheQAQCStamp.pdf","%252fQAQCPublicDocs%252fNewQCProcessHowTo.pdf":"/QAQCPublicDocs/NewQCProcessHowTo.pdf","%252fQAQCPublicDocs%252fNewTelecomQCProcessHowTo.pdf":"/QAQCPublicDocs/NewTelecomQCProcessHowTo.pdf","%252fQAQCPublicDocs%252fRoadway_QCProcessHowTo.pdf":"/QAQCPublicDocs/Roadway_QCProcessHowTo.pdf","%252fQAQCPublicDocs%252fShop%2bDrawing%2bRequirements.docx":"/QAQCPublicDocs/Shop Drawing Requirements.docx","%252fQAQCPublicDocs%252fStamping_Requirements.xlsx":"/QAQCPublicDocs/Stamping_Requirements.xlsx","%252fQAQCPublicDocs%252fWaterQAQCDatabase.pdf":"/QAQCPublicDocs/WaterQAQCDatabase.pdf","%252fSitePages%252fTopicHome.aspx":"/SitePages/TopicHome.aspx","%252fSitePages%252fGetting-started.aspx":"/SitePages/Getting-started.aspx","%252fSitePages%252fSo-You%2527re-a-GPD-GO-TO.aspx":"/SitePages/So-You're-a-GPD-GO-TO.aspx","%252fSitePages%252fInformationTechnology.aspx":"/SitePages/InformationTechnology.aspx","%252fSitePages%252fResource-Centers.aspx":"/SitePages/Resource-Centers.aspx","%252fSitePages%252fhuman-resource-home.aspx":"/SitePages/human-resource-home.aspx","%252fSitePages%252fHome.aspx":"/SitePages/Home.aspx","%252fSitePages%252fQAQCForms.aspx":"/SitePages/QAQCForms.aspx"},"type":"OpenApiConnection","inputs":{"parameters":{"dataset":"https://gpdco.sharepoint.com/sites/QAQC","parameters/sourceFileId":"%252fSitePages%252fQAQCForms.aspx","parameters/destinationDataset":"https://gpdco.sharepoint.com/sites/Facilities","parameters/destinationFolderPath":"/SitePages","parameters/nameConflictBehavior":2},"host":{"apiId":"/providers/Microsoft.PowerApps/apis/shared_sharepointonline","connectionName":"shared_sharepointonline","operationId":"CopyFileAsync"},"authentication":{"value":"@json(decodeBase64(triggerOutputs().headers['X-MS-APIM-Tokens']))['$ConnectionKey']","type":"Raw"}}}}},"connectionReferences":{"shared_sharepointonline":{"connectionName":"636a5572bc614fc0b3dc75c5adcd1fe7","source":"Invoker","id":"/providers/Microsoft.PowerApps/apis/shared_sharepointonline","tier":"NotSpecified","apiName":"sharepointonline","isProcessSimpleApiReferenceConversionAlreadyDone":false}},"flowFailureAlertSubscribed":false,"isManaged":false}}